Wallet,Network,Native
0x01f27522CACF24Fcb3347eF451eaC1d8CBC583dF,opbnb,0.000000
0xe31524A90A2C46fF658D9d5182f94adf06A59971,opbnb,0.000079
0xd6955491aA2d675628a058264490f781B790045d,opbnb,0.000000
0xa33e7bA1541Bfa03eA6282b88830EFE06455402B,opbnb,0.068200
0x674E550E24Bd5dB491C62af5d4dE3cEC99127662,opbnb,0.000000
0x9005CaD7b72C11D7018Ec1B4Fcb255837df3318B,opbnb,0.000079
0xB92f641012F0e4a7C6c65b1935427D442f575D7c,opbnb,0.000000
0x739F6a95546aab57ecdC72A3dbed47b3aAe5F627,opbnb,0.000080
0xA9792911E71921283F3ef2494ef306e01f88D08a,opbnb,0.000000
0x575Cb5D6bdcfa2FC2468a7e1Ab9c57DBC05402Fb,opbnb,0.000080
0x81Dbd20A9A6c4741533746087C6c07781c53d2e1,opbnb,0.000000
0x4EE91efEDe76245729dbE5408C39f18664c47c15,opbnb,0.000080
0x2b40CDd52c78866C42FB9E4e434906E0731614Ef,opbnb,0.000000
0x8cDFB8a64B467dcd5DA36303872b094d0C2fE8E3,opbnb,0.129661
0xe9D861A08baaE78B7014F476cc49b03b2160426b,opbnb,0.000000
0x9Fa816a378cB1d01fa1A86583A582D45EFC9A735,opbnb,0.000000
0x443ec15dE3F701bA01cD2360FDD8e778b388737c,opbnb,0.000000
0xf9ccab12Bd57ad2af22B988208ad375545C67CCA,opbnb,0.000000
0x8371B592013409924C8E9b248bBD6C91BdeF8e82,opbnb,0.000000
0xf738C39cFeecA57d58b40C0806a5e1c33A3810fd,opbnb,0.000000
0xb21768594219E5a2db40E14a8A0341F360a1383D,opbnb,0.000000
0xED5B4cb6D68D632eDDD1E35d25bF6e095Ef93Db7,opbnb,0.000000
0xdDC4FDF7d9d29E6D8066fA54772b9C4527A10bFF,opbnb,0.000000
0x4762E5ff1CB12BECaa9DbA765360182ab14aeeB0,opbnb,0.000000
0xFb5e80EdeB033e92297a0bE9CF0ea64c6Ad76633,opbnb,0.000000
0x4dE9aA096eA57213E059b27cD04841Aa024CF2d9,opbnb,0.000000
0xb5efA1CB26F0862Bb21D8F2Fe2e0141cd8b15B7b,opbnb,0.000000
0x869621BaC840f3D797F93DB150917C2842976Df7,opbnb,0.000000
0xbE9b056a9Cd49c84c1a1Da1eF19240ab89EfE47b,opbnb,0.000000
0x443656DdBA9f833CF9B22Ce32Ec4b5dFE8b88f79,opbnb,0.000000
0xc5613122924B5e257dc02372A3B8A1972e8a49EF,opbnb,0.000000
0x646a61059f2bB8F23e95590D9D125c8c12f7f6c9,opbnb,0.000000
0x88C29badf4762AEd910a1707faD3fA88987Ad7Cc,opbnb,0.000000
0xD584C55a870D734aE6b549D6DDCd9c44340865C6,opbnb,0.000000
0xFC7a026e1AA612C76d75580a6afa5CA5D205b25B,opbnb,0.000000
0xcc5FDfb60e20d43453b666E84d710bC740F38295,opbnb,0.000000
